[{"name":"SMARTPHONE (สมาร์ทโฟน) ASUS ROG PHONE 7 [16GB/512GB] (BLACK)","price":"34990","priceformater":"34,990.-","imgurl":"https://www.jib.co.th/img_master/product/medium/2023063011493960554_1.jpg?v=605541688100928"},{"name":"SMARTPHONE (สมาร์ทโฟน) ASUS ROG PHONE 7 [16GB/512GB] (WHITE)","price":"34990","priceformater":"34,990.-","imgurl":"https://www.jib.co.th/img_master/product/medium/2023063011194260553_1.jpg?v=605531688100921"},{"name":"SMARTPHONE (สมาร์ทโฟน) REDMI 12C 6.71\" 6/128 (6941812724170) MINT GREEN","price":"4699","priceformater":"4,699.-","imgurl":"https://www.jib.co.th/img_master/product/medium/2023062114331260357_1.jpg?v=603571694061739"},{"name":"SMARTPHONE (สมาร์ทโฟน) REDMI 12C 6.71\" 6/128 (6941812724149) LAVENDER PURPLE","price":"4699","priceformater":"4,699.-","imgurl":"https://www.jib.co.th/img_master/product/medium/2023062114290560356_1.jpg?v=603561694061745"},{"name":"SMARTPHONE (สมาร์ทโฟน) REDMI 12C 6.71\" 6/128 (6941812724132) OCEAN BLUE","price":"4699","priceformater":"4,699.-","imgurl":"https://www.jib.co.th/img_master/product/medium/2023062114253160355_1.jpg?v=603551694061751"},{"name":"SMARTPHONE (สมาร์ทโฟน) REDMI 12C 6.71\" 6/128 (6941812724163) GRAPHITE GREY","price":"4699","priceformater":"4,699.-","imgurl":"https://www.jib.co.th/img_master/product/medium/2023062114200660354_1.jpg?v=603541693904375"},{"name":"SMARTPHONE (สมาร์ทโฟน) SAMSUNG GALAXY A24 LTE (6/128) SM-A245FZSVTHL (SILVER)","price":"7999","priceformater":"7,999.-","imgurl":"https://www.jib.co.th/img_master/product/medium/2023052413122559799_1.jpg?v=597991688097499"},{"name":"SMARTPHONE (สมาร์ทโฟน) SAMSUNG GALAXY A24 LTE (6/128) SM-A245FZKVTHL (BLACK)","price":"7999","priceformater":"7,999.-","imgurl":"https://www.jib.co.th/img_master/product/medium/20230524131741_59794_21_1.jpg?v=597941684909081"},{"name":"SMARTPHONE (สมาร์ทโฟน) XIAOMI 12 PRO 6.73\" 12GB/256GB (6934177762826) PURPLE","price":"31990","priceformater":"31,990.-","imgurl":"https://www.jib.co.th/img_master/product/medium/2023050610035259379_1.jpg?v=593791693904271"},{"name":"SMARTPHONE (สมาร์ทโฟน) XIAOMI REDMI 10A 6.53\" 3/64 (6934177776397) SILVER","price":"3999","priceformater":"3,999.-","imgurl":"https://www.jib.co.th/img_master/product/medium/2023050609484359377_1.jpg?v=593771689839446"},{"name":"SMARTPHONE (สมาร์ทโฟน) SAMSUNG GALAXY A54 5G (8/128) SM-A546ELVCTHL (LIGHT VIOLET)","price":"12999","priceformater":"12,999.-","imgurl":"https://www.jib.co.th/img_master/product/medium/2023032315490358571_1.png?v=585711679561368"},{"name":"SMARTPHONE (สมาร์ทโฟน) SAMSUNG GALAXY A54 5G (8/128) SM-A546EZKCTHL (BLACK)","price":"12999","priceformater":"12,999.-","imgurl":"https://www.jib.co.th/img_master/product/medium/2023032315415558570_1.jpg?v=58570"},{"name":"SMARTPHONE (สมาร์ทโฟน) SAMSUNG GALAXY A54 5G (8/128) SM-A546ELGCTHL LIGHT (GREEN)","price":"12999","priceformater":"12,999.-","imgurl":"https://www.jib.co.th/img_master/product/medium/2023032314530158566_1.jpg?v=585661679558049"},{"name":"SMARTPHONE (สมาร์ทโฟน) SAMSUNG GALAXY A04S (4GB/64GB) GREEN","price":"4299","priceformater":"4,299.-","imgurl":"https://www.jib.co.th/img_master/product/medium/2023031809385858484_1.jpg?v=584841679107139"},{"name":"SMARTPHONE (สมาร์ทโฟน) SAMSUNG GALAXY A14 5G (4/128) SM-A146PZKGTHL BLACK","price":"6999","priceformater":"6,999.-","imgurl":"https://www.jib.co.th/img_master/product/medium/20230327165538_58004_411_1.jpg?v=580041679911096"},{"name":"SMARTPHONE (สมาร์ทโฟน) SAMSUNG GALAXY A14 5G (4/128) SM-A146PZSGTHL SILVER","price":"6999","priceformater":"6,999.-","imgurl":"https://www.jib.co.th/img_master/product/medium/20230327165630_57994_411_1.jpg?v=579941679911069"},{"name":"SMARTPHONE (สมาร์ทโฟน) SAMSUNG GALAXY S23 ULTRA 5G [8/256GB] (LAVENDER)","price":"39900","priceformater":"39,900.-","imgurl":"https://www.jib.co.th/img_master/product/medium/2023020315083357711_1.png?v=577111688095924"},{"name":"SMARTPHONE (สมาร์ทโฟน) SAMSUNG GALAXY S23 ULTRA 5G [8/256GB] (PHANTOM BLACK)","price":"39900","priceformater":"39,900.-","imgurl":"https://www.jib.co.th/img_master/product/medium/2023020315072057709_1.png?v=577091688095906"},{"name":"SMARTPHONE (สมาร์ทโฟน) SAMSUNG GALAXY S23 ULTRA 5G [8/256GB] (CREAM)","price":"39900","priceformater":"39,900.-","imgurl":"https://www.jib.co.th/img_master/product/medium/2023020315504657708_1.jpg?v=577081678334848"},{"name":"SMARTPHONE (สมาร์ทโฟน) XIAOMI 12T 6.67\" 8GB/256GB (6941812708439) SLIVER","price":"17990","priceformater":"17,990.-","imgurl":"https://www.jib.co.th/img_master/product/medium/2022122616412757004_1.jpg?v=570041692094095"},{"name":"SMARTPHONE (สมาร์ทโฟน) XIAOMI REDMI A1 6.52\" 2/32 (6934177764592) BLACK","price":"2999","priceformater":"2,999.-","imgurl":"https://www.jib.co.th/img_master/product/medium/2022122413431256947_1.jpg?v=569471683344911"},{"name":"SMARTPHONE (สมาร์ทโฟน) XIAOMI REDMI A1 6.52\" 2/32 (6934177747816) BLACK","price":"2499","priceformater":"2,499.-","imgurl":"https://www.jib.co.th/img_master/product/medium/20221123160640_56477_372_1.jpg?v=564771687496385"},{"name":"SMARTPHONE (สมาร์ทโฟน) XIAOMI 12 PRO 6.73\" 12GB/256GB (6934177762963) PURPLE","price":"31990","priceformater":"31,990.-","imgurl":"https://www.jib.co.th/img_master/product/medium/2022081917382154749_1.jpg?v=547491693904355"},{"name":"SMARTPHONE (สมาร์ทโฟน) XIAOMI 12 PRO 6.73\" 12GB/256GB (6934177763182) BLUE","price":"31990","priceformater":"31,990.-","imgurl":"https://www.jib.co.th/img_master/product/medium/2022081917324954748_1.jpg?v=547481692094114"},{"name":"SMARTPHONE (สมาร์ทโฟน) XIAOMI 11T PRO 6.67\" 8GB/256GB (6934177750403) MOONLIGHT WHITE","price":"16990","priceformater":"16,990.-","imgurl":"https://www.jib.co.th/img_master/product/medium/2022081917091754745_1.jpg?v=547451678358596"},{"name":"SMARTPHONE (สมาร์ทโฟน) XIAOMI 12 PRO 6.73\" 12GB/256GB (6934177749582) GRAY","price":"31990","priceformater":"31,990.-","imgurl":"https://www.jib.co.th/img_master/product/medium/2022081915263254727_1.jpg?v=547271689834955"},{"name":"SMARTPHONE (สมาร์ทโฟน) XIAOMI 12 6.28\" 8/256 (6934177764004) PURPLE","price":"24990","priceformater":"24,990.-","imgurl":"https://www.jib.co.th/img_master/product/medium/2022081816572154710_1.jpg?v=547101692094105"},{"name":"SMARTPHONE (สมาร์ทโฟน) XIAOMI REDMI NOTE11 PRO 5G 6.67\" 8GB/128GB (6934177770616) ATLANTIC BLUE","price":"10990","priceformater":"10,990.-","imgurl":"https://www.jib.co.th/img_master/product/medium/2022081815572154697_1.jpg?v=546971680677689"},{"name":"SMARTPHONE (สมาร์ทโฟน) XIAOMI REDMI 10C 6.71\" 4GB/128GB (6934177774478) GRAPHITE GRAY","price":"5199","priceformater":"5,199.-","imgurl":"https://www.jib.co.th/img_master/product/medium/2022081312010754595_1.jpg?v=545951678357932"},{"name":"SMARTPHONE (สมาร์ทโฟน) SAMSUNG GALAXY A53 5G [8GB/128GB] (AWESOME BLACK)","price":"14499","priceformater":"14,499.-","imgurl":"https://www.jib.co.th/img_master/product/medium/20220610134638_52469_378_1.jpg?v=524691654843615"}]